{"EUR/USD": {"open_time": 1778857200, "open": 1.16296, "high": 1.16311, "low": 1.16206, "close": 1.16226, "volume": 6791, "prev_h1_dir": "BEARISH"}, "GBP/USD": {"open_time": 1778857200, "open": 1.33445, "high": 1.33462, "low": 1.33174, "close": 1.33176, "volume": 10894, "prev_h1_dir": "BEARISH"}, "AUD/USD": {"open_time": 1778857200, "open": 0.71546, "high": 0.7157, "low": 0.71464, "close": 0.71466, "volume": 5085, "prev_h1_dir": "BEARISH"}, "NZD/USD": {"open_time": 1778857200, "open": 0.58462, "high": 0.58472, "low": 0.58372, "close": 0.58372, "volume": 4042, "prev_h1_dir": "BEARISH"}, "USD/CAD": {"open_time": 1778857200, "open": 1.37596, "high": 1.37648, "low": 1.3756, "close": 1.37579, "volume": 6398, "prev_h1_dir": "BULLISH"}, "USD/CHF": {"open_time": 1778857200, "open": 0.78642, "high": 0.78707, "low": 0.78604, "close": 0.78703, "volume": 3224, "prev_h1_dir": "BULLISH"}, "USD/JPY": {"open_time": 1778857200, "open": 158.593, "high": 158.709, "low": 158.55, "close": 158.708, "volume": 10213, "prev_h1_dir": "BULLISH"}, "EUR/GBP": {"open_time": 1778857200, "open": 0.8715, "high": 0.87278, "low": 0.87141, "close": 0.87274, "volume": 3325, "prev_h1_dir": "BULLISH"}, "EUR/JPY": {"open_time": 1778857200, "open": 184.438, "high": 184.503, "low": 184.394, "close": 184.462, "volume": 8681, "prev_h1_dir": "BEARISH"}, "EUR/CAD": {"open_time": 1778857200, "open": 1.6002, "high": 1.60036, "low": 1.59892, "close": 1.59892, "volume": 4688, "prev_h1_dir": "BEARISH"}, "EUR/CHF": {"open_time": 1778857200, "open": 0.91458, "high": 0.91476, "low": 0.91414, "close": 0.91476, "volume": 2762, "prev_h1_dir": "BULLISH"}, "EUR/AUD": {"open_time": 1778857200, "open": 1.6255, "high": 1.62627, "low": 1.62488, "close": 1.62624, "volume": 9980, "prev_h1_dir": "BULLISH"}, "EUR/NZD": {"open_time": 1778857200, "open": 1.98924, "high": 1.99122, "low": 1.98891, "close": 1.99119, "volume": 4583, "prev_h1_dir": "BULLISH"}, "GBP/JPY": {"open_time": 1778857200, "open": 211.63, "high": 211.71, "low": 211.334, "close": 211.36, "volume": 11225, "prev_h1_dir": "BEARISH"}, "GBP/CAD": {"open_time": 1778857200, "open": 1.83616, "high": 1.8363, "low": 1.83204, "close": 1.83206, "volume": 5819, "prev_h1_dir": "BEARISH"}, "GBP/CHF": {"open_time": 1778857200, "open": 1.04944, "high": 1.04957, "low": 1.0479, "close": 1.04814, "volume": 6318, "prev_h1_dir": "BULLISH"}, "GBP/AUD": {"open_time": 1778857200, "open": 1.86519, "high": 1.86576, "low": 1.86244, "close": 1.86336, "volume": 7605, "prev_h1_dir": "BULLISH"}, "GBP/NZD": {"open_time": 1778857200, "open": 2.28259, "high": 2.28315, "low": 2.28015, "close": 2.28147, "volume": 4611, "prev_h1_dir": "BULLISH"}, "AUD/JPY": {"open_time": 1778857200, "open": 113.466, "high": 113.508, "low": 113.408, "close": 113.428, "volume": 7106, "prev_h1_dir": "BEARISH"}, "AUD/CAD": {"open_time": 1778857200, "open": 0.98445, "high": 0.9847, "low": 0.98315, "close": 0.9832, "volume": 953, "prev_h1_dir": "BEARISH"}, "AUD/CHF": {"open_time": 1778857200, "open": 0.56264, "high": 0.56283, "low": 0.56232, "close": 0.56246, "volume": 1384, "prev_h1_dir": "BEARISH"}, "AUD/NZD": {"open_time": 1778857200, "open": 1.2238, "high": 1.22448, "low": 1.22366, "close": 1.22438, "volume": 5732, "prev_h1_dir": "BEARISH"}, "NZD/JPY": {"open_time": 1778857200, "open": 92.716, "high": 92.75, "low": 92.636, "close": 92.639, "volume": 2954, "prev_h1_dir": "BEARISH"}, "NZD/CAD": {"open_time": 1778857200, "open": 0.80444, "high": 0.8045, "low": 0.803, "close": 0.80304, "volume": 1231, "prev_h1_dir": "BEARISH"}, "NZD/CHF": {"open_time": 1778857200, "open": 0.45976, "high": 0.45982, "low": 0.45934, "close": 0.45939, "volume": 1616, "prev_h1_dir": "BEARISH"}, "CAD/JPY": {"open_time": 1778857200, "open": 115.262, "high": 115.37, "low": 115.236, "close": 115.358, "volume": 1102, "prev_h1_dir": "BULLISH"}, "CAD/CHF": {"open_time": 1778857200, "open": 0.57158, "high": 0.5721, "low": 0.57136, "close": 0.57206, "volume": 649, "prev_h1_dir": "BULLISH"}, "CHF/JPY": {"open_time": 1778857200, "open": 201.669, "high": 201.815, "low": 201.613, "close": 201.649, "volume": 5158, "prev_h1_dir": "BEARISH"}, "XAU/USD": {"open_time": 0, "open": 4551.855, "high": 4566.58, "low": 4511.215, "close": 4540.364, "volume": 257344, "prev_h1_dir": "BEARISH"}}